{
  "gelu_cheb": [
    6.048316478729248,
    8.094460487365723,
    1.3715124130249023,
    -0.7407752871513367,
    0.13477398455142975,
    0.12601926922798157,
    -0.23956909775733948
  ],
  "gelu_domain": [
    -5.0,
    15.0
  ],
  "seq_len": 32,
  "d_model": 4,
  "toeplitz_K": 16,
  "conv_weight": [
    [
      -0.2940143942832947
    ],
    [
      -0.2537952661514282
    ],
    [
      0.45950543880462646
    ],
    [
      -0.1345420479774475
    ]
  ],
  "conv_bias": -0.1053285002708435,
  "decoder_weight": [
    -0.32356685400009155,
    0.4714598059654236,
    -0.11136466264724731,
    -0.08978098630905151
  ],
  "decoder_bias": 0.39177900552749634,
  "out_expected": 0.4559810161590576,
  "channels": [
    {
      "x": [
        1.764052345967664,
        1.8675579901499675,
        -0.10321885179355784,
        0.7610377251469934,
        1.4940790731576061,
        -2.5529898158340787,
        2.2697546239876076,
        1.5327792143584575,
        -0.8877857476301128,
        1.2302906807277207,
        -1.0485529650670926,
        -0.5096521817516535,
        -1.6138978475579515,
        -0.510805137568873,
        0.06651722238316789,
        -0.672460447775951,
        0.17742614225375283,
        -0.9072983643832422,
        1.1394006845433007,
        -0.8707971491818818,
        -1.1651498407833565,
        1.4882521937955997,
        -1.0707526215105425,
        0.2082749780768603,
        0.010500020720820478,
        1.8831506970562544,
        -1.17312340511416,
        1.9229420264803847,
        -0.8612256850547025,
        0.947251967773748,
        0.37642553115562943,
        -0.6945678597313655
      ],
      "coeffs": [
        -0.026515930891036987,
        -0.021995909512043,
        -0.0643424317240715,
        -0.07454852759838104,
        -0.0006978735327720642,
        0.07705334573984146,
        0.06312483549118042,
        -0.005961466580629349,
        -0.02411705255508423,
        0.0251473356038332,
        0.06317399442195892,
        0.039566121995449066,
        -0.01936393231153488,
        -0.06955898553133011,
        -0.08908119052648544,
        -0.06634704023599625
      ],
      "D": 1.5409960746765137,
      "y_skip_expected": [
        2.6716222505662155,
        2.789577557673627,
        -0.3109049556936234,
        0.903176188460451,
        2.1121999407162355,
        -3.8059653998875906,
        3.5961158590032376,
        2.4232110313588646,
        -1.3365636358093014,
        1.7798312493567663,
        -1.6198462863130185,
        -0.5911843275767859,
        -2.163715535083643,
        -0.6289172642235862,
        0.004668368896465991,
        -1.2372116996066957,
        0.11138476349671447,
        -1.470395416560141,
        1.6568598056605368,
        -1.3464925276116921,
        -1.9095055420042921,
        1.870951308552666,
        -1.794435448480027,
        0.3140310614668246,
        0.021601790763987213,
        2.989220837556194,
        -1.641100657576113,
        2.994684869868747,
        -1.3583439089393967,
        1.4218859353674693,
        0.631702766683719,
        -1.0072316722300676
      ],
      "y_act": [
        -0.1869579702615738,
        -0.23516975343227386,
        -0.07705157995223999,
        -0.16665779054164886,
        -0.20300479233264923,
        -0.09663594514131546,
        -0.18861223757266998,
        -0.16961918771266937,
        0.04185235872864723,
        -0.05287427827715874,
        0.3497436046600342,
        0.29214155673980713,
        0.2434091418981552,
        -0.013764112256467342,
        0.12322061508893967,
        0.2546828091144562,
        0.32821810245513916,
        -0.05795592814683914,
        -0.2348969280719757,
        0.0677904337644577,
        -0.060201141983270645,
        -0.18863777816295624,
        0.03628995269536972,
        -0.16628369688987732,
        -0.09926789999008179,
        -0.005144697148352861,
        0.12937861680984497,
        -0.17923161387443542,
        0.05554012954235077,
        -0.2252528965473175,
        -0.1786787360906601,
        0.03892610967159271
      ]
    },
    {
      "x": [
        0.4001572083672233,
        -0.977277879876411,
        0.41059850193837233,
        0.12167501649282841,
        -0.20515826376580087,
        0.6536185954403606,
        -1.4543656745987648,
        1.469358769900285,
        -1.980796468223927,
        1.2023798487844113,
        -1.4200179371789752,
        -0.4380743016111864,
        -0.2127402802139687,
        -1.180632184122412,
        0.3024718977397814,
        -0.3595531615405413,
        -0.4017809362082619,
        0.05194539579613895,
        -1.2348258203536526,
        -0.5788496647644155,
        0.9008264869541871,
        1.8958891760305832,
        1.0544517269311366,
        0.9766390364837128,
        1.7858704939058352,
        -1.3477590611424464,
        1.9436211856492926,
        1.4805147914344243,
        1.9100649530990337,
        -0.1550100930908342,
        -1.0994007905841945,
        -0.14963454032767076
      ],
      "coeffs": [
        0.09401393681764603,
        0.16055475175380707,
        0.02802247181534767,
        0.07440740615129471,
        0.03401494771242142,
        -0.049571096897125244,
        -0.06699809432029724,
        0.0826621949672699,
        0.018897168338298798,
        0.07735825330018997,
        -0.11079155653715134,
        0.017565354704856873,
        -0.15961506962776184,
        -0.10361331701278687,
        0.005755163729190826,
        -0.011801064014434814
      ],
      "D": -0.293428897857666,
      "y_skip_expected": [
        -0.07979733411643299,
        0.2591309715927238,
        -0.2275726975719964,
        0.04404863995848806,
        0.012847728580253091,
        -0.18239754436934538,
        0.43386977904110774,
        -0.4411281473393218,
        0.5250507009278449,
        -0.5541599488726788,
        0.35980195412288407,
        -0.04363416171824616,
        -0.08797544468372367,
        0.10850658760861065,
        -0.05619539143708249,
        -0.35052435593419773,
        0.43491396212496347,
        -0.586144839363104,
        0.7366688105203086,
        -0.4407680079355184,
        -0.12864119693672665,
        -0.24699926346136175,
        0.03250583394313861,
        0.49054906344593396,
        0.08498056557060352,
        0.8576371757792762,
        -0.5507019272807566,
        -0.05718070936377928,
        0.13641856211168268,
        0.5867022699910867,
        0.7023011680792326,
        0.314217026071815
      ],